/* Example data that can be inserted into database */

INSERT INTO PROPRIETORS (proprietor_id, proprietor_name) VALUES (1, 'John Smith Inc');
INSERT INTO PROPRIETORS (proprietor_id, proprietor_name) VALUES (2, 'Jane Doe Co.');
INSERT INTO PROPRIETORS (proprietor_id, proprietor_name) VALUES (3, 'Acme Inc.');
INSERT INTO PROPRIETORS (proprietor_id, proprietor_name) VALUES (4, 'Best Products LLC');
INSERT INTO PROPRIETORS (proprietor_id, proprietor_name) VALUES (5, 'ABC Corp');
INSERT INTO PROPRIETORS (proprietor_id, proprietor_name) VALUES (6, 'XYZ Inc');
INSERT INTO PROPRIETORS (proprietor_id, proprietor_name) VALUES (7, '123 Enterprises');
INSERT INTO PROPRIETORS (proprietor_id, proprietor_name) VALUES (8, 'Profit Inc');
INSERT INTO PROPRIETORS (proprietor_id, proprietor_name) VALUES (9, 'Green Energy Co');
INSERT INTO PROPRIETORS (proprietor_id, proprietor_name) VALUES (10, 'Good Company LLC');
INSERT INTO PROPRIETORS (proprietor_id, proprietor_name) VALUES (11, 'New Beginnings Inc');
INSERT INTO PROPRIETORS (proprietor_id, proprietor_name) VALUES (12, 'Top Notch Enterprises');
INSERT INTO PROPRIETORS (proprietor_id, proprietor_name) VALUES (13, 'Future Tech Corp');
INSERT INTO PROPRIETORS (proprietor_id, proprietor_name) VALUES (14, 'Next Gen Industries');
INSERT INTO PROPRIETORS (proprietor_id, proprietor_name) VALUES (15, 'Innovative Solutions LLC');

INSERT INTO ITEMS (item_id, item_name, item_price, item_owner, item_description) VALUES (1, 'item1', 10, 1, 'This is a description for item1');
INSERT INTO ITEMS (item_id, item_name, item_price, item_owner, item_description) VALUES (2, 'item2', 20, 1, 'This is a description for item2');
INSERT INTO ITEMS (item_id, item_name, item_price, item_owner, item_description) VALUES (3, 'item3', 30, 2, 'This is a description for item3');
INSERT INTO ITEMS (item_id, item_name, item_price, item_owner, item_description) VALUES (4, 'item4', 40, 3, 'This is a description for item4');
INSERT INTO ITEMS (item_id, item_name, item_price, item_owner, item_description) VALUES (5, 'item5', 50, 4, 'This is a description for item5');
INSERT INTO ITEMS (item_id, item_name, item_price, item_owner, item_description) VALUES (6, 'item6', 60, 5, 'This is a description for item6');
INSERT INTO ITEMS (item_id, item_name, item_price, item_owner, item_description) VALUES (7, 'item7', 70, 6, 'This is a description for item7');
INSERT INTO ITEMS (item_id, item_name, item_price, item_owner, item_description) VALUES (8, 'item8', 80, 7, 'This is a description for item8');
INSERT INTO ITEMS (item_id, item_name, item_price, item_owner, item_description) VALUES (9, 'item9', 90, 8, 'This is a description for item9');
INSERT INTO ITEMS (item_id, item_name, item_price, item_owner, item_description) VALUES (10, 'item10', 100, 9, 'This is a description for item10');
INSERT INTO ITEMS (item_id, item_name, item_price, item_owner, item_description) VALUES (11, 'item11', 110, 10, 'This is a description for item11');
INSERT INTO ITEMS (item_id, item_name, item_price, item_owner, item_description) VALUES (12, 'item12', 120, 11, 'This is a description for item12');
INSERT INTO ITEMS (item_id, item_name, item_price, item_owner, item_description) VALUES (13, 'item13', 130, 12, 'This is a description for item13');
INSERT INTO ITEMS (item_id, item_name, item_price, item_owner, item_description) VALUES (14, 'item14', 140, 13, 'This is a description for item14');
INSERT INTO ITEMS (item_id, item_name, item_price, item_owner, item_description) VALUES (15, 'item15', 150, 14, 'This is a description for item15');

INSERT INTO ACCOUNTS (account_id, account_email) VALUES (1, 'john.smith@example.com');
INSERT INTO ACCOUNTS (account_id, account_email) VALUES (2, 'jane.doe@example.com');
INSERT INTO ACCOUNTS (account_id, account_email) VALUES (3, 'bob.johnson@example.com');
INSERT INTO ACCOUNTS (account_id, account_email) VALUES (4, 'susan.miller@example.com');
INSERT INTO ACCOUNTS (account_id, account_email) VALUES (5, 'michael.brown@example.com');
INSERT INTO ACCOUNTS (account_id, account_email) VALUES (6, 'david.thomas@example.com');
INSERT INTO ACCOUNTS (account_id, account_email) VALUES (7, 'jennifer.white@example.com');
INSERT INTO ACCOUNTS (account_id, account_email) VALUES (8, 'joseph.harris@example.com');
INSERT INTO ACCOUNTS (account_id, account_email) VALUES (9, 'richard.martin@example.com');
INSERT INTO ACCOUNTS (account_id, account_email) VALUES (10, 'charles.garcia@example.com');
INSERT INTO ACCOUNTS (account_id, account_email) VALUES (11, 'sandra.robinson@example.com');
INSERT INTO ACCOUNTS (account_id, account_email) VALUES (12, 'kelly.clark@example.com');
INSERT INTO ACCOUNTS (account_id, account_email) VALUES (13, 'lisa.rodriguez@example.com');
INSERT INTO ACCOUNTS (account_id, account_email) VALUES (14, 'helen.wright@example.com');
INSERT INTO ACCOUNTS (account_id, account_email) VALUES (15, 'paul.jones@example.com');

INSERT INTO PURCHASES (purchase_id, purchase_item, purchase_account) VALUES (1, 1, 1);
INSERT INTO PURCHASES (purchase_id, purchase_item, purchase_account) VALUES (2, 2, 2);
INSERT INTO PURCHASES (purchase_id, purchase_item, purchase_account) VALUES (3, 3, 1);
INSERT INTO PURCHASES (purchase_id, purchase_item, purchase_account) VALUES (4, 4, 3);
INSERT INTO PURCHASES (purchase_id, purchase_item, purchase_account) VALUES (5, 5, 2);
INSERT INTO PURCHASES (purchase_id, purchase_item, purchase_account) VALUES (6, 6, 4);
INSERT INTO PURCHASES (purchase_id, purchase_item, purchase_account) VALUES (7, 7, 5);
INSERT INTO PURCHASES (purchase_id, purchase_item, purchase_account) VALUES (8, 8, 6);
INSERT INTO PURCHASES (purchase_id, purchase_item, purchase_account) VALUES (9, 9, 7);
INSERT INTO PURCHASES (purchase_id, purchase_item, purchase_account) VALUES (10, 10, 8);
INSERT INTO PURCHASES (purchase_id, purchase_item, purchase_account) VALUES (11, 11, 9);
INSERT INTO PURCHASES (purchase_id, purchase_item, purchase_account) VALUES (12, 12, 10);
INSERT INTO PURCHASES (purchase_id, purchase_item, purchase_account) VALUES (13, 13, 11);
INSERT INTO PURCHASES (purchase_id, purchase_item, purchase_account) VALUES (14, 14, 12);
INSERT INTO PURCHASES (purchase_id, purchase_item, purchase_account) VALUES (15, 15, 13);

INSERT INTO CATEGORIES (category_id, category_name, category_description) VALUES (1, 'Electronics', 'A variety of electronic devices');
INSERT INTO CATEGORIES (category_id, category_name, category_description) VALUES (2, 'Clothing', 'Fashion items for men and women');
INSERT INTO CATEGORIES (category_id, category_name, category_description) VALUES (3, 'Home goods', 'Decorations and furniture for the home');
INSERT INTO CATEGORIES (category_id, category_name, category_description) VALUES (4, 'Toys', 'Fun and interactive toys for kids');
INSERT INTO CATEGORIES (category_id, category_name, category_description) VALUES (5, 'Outdoors', 'Outdoor gear and equipment');
INSERT INTO CATEGORIES (category_id, category_name, category_description) VALUES (6, 'Beauty', 'Makeup, skincare, and haircare products');
INSERT INTO CATEGORIES (category_id, category_name, category_description) VALUES (7, 'Books', 'Books of all genres');
INSERT INTO CATEGORIES (category_id, category_name, category_description) VALUES (8, 'Food', 'Food and drink items');
INSERT INTO CATEGORIES (category_id, category_name, category_description) VALUES (9, 'Sports', 'Sports equipment and gear');
INSERT INTO CATEGORIES (category_id, category_name, category_description) VALUES (10, 'Music', 'Music related items like CDs and instruments');

INSERT INTO CATEGORY_ITEMS (category_id, item_id) VALUES (1, 1);
INSERT INTO CATEGORY_ITEMS (category_id, item_id) VALUES (2, 2);
INSERT INTO CATEGORY_ITEMS (category_id, item_id) VALUES (3, 3);
INSERT INTO CATEGORY_ITEMS (category_id, item_id) VALUES (1, 4);
INSERT INTO CATEGORY_ITEMS (category_id, item_id) VALUES (2, 5);
INSERT INTO CATEGORY_ITEMS (category_id, item_id) VALUES (3, 5);
INSERT INTO CATEGORY_ITEMS (category_id, item_id) VALUES (1, 6);
INSERT INTO CATEGORY_ITEMS (category_id, item_id) VALUES (2, 7);
INSERT INTO CATEGORY_ITEMS (category_id, item_id) VALUES (3, 8);
INSERT INTO CATEGORY_ITEMS (category_id, item_id) VALUES (4, 9);
INSERT INTO CATEGORY_ITEMS (category_id, item_id) VALUES (5, 10);
INSERT INTO CATEGORY_ITEMS (category_id, item_id) VALUES (6, 11);
INSERT INTO CATEGORY_ITEMS (category_id, item_id) VALUES (7, 12);
INSERT INTO CATEGORY_ITEMS (category_id, item_id) VALUES (8, 13);
INSERT INTO CATEGORY_ITEMS (category_id, item_id) VALUES (9, 14);
INSERT INTO CATEGORY_ITEMS (category_id, item_id) VALUES (10, 15);

INSERT INTO ITEM_PICTURES (picture_id, picture_resource_location, picture_item) VALUES (1, 'https://s3-ap-southeast-2.amazonaws.com/wc-prod-pim/JPEG_1000x1000/PPSSMPK25_small_storage_boxes_25_pack.jpg', 1);
INSERT INTO ITEM_PICTURES (picture_id, picture_resource_location, picture_item) VALUES (2, 'https://auspost.com.au/shop/static/WFS/AusPost-Shop-Site/-/AusPost-Shop/en_AU/product/90444/1/resized_560x560.png', 2);
INSERT INTO ITEM_PICTURES (picture_id, picture_resource_location, picture_item) VALUES (3, 'https://encrypted-tbn0.gstatic.com/images?q=tbn:ANd9GcRq6oPNgO-_dgvB-960CJzDn2pwiUiFFjtY9MJEFuiPzxBUBZiOYcDjRlIBOMuMObAuoSw&usqp=CAU', 3);
INSERT INTO ITEM_PICTURES (picture_id, picture_resource_location, picture_item) VALUES (4, 'https://s3-ap-southeast-2.amazonaws.com/wc-prod-pim/JPEG_1000x1000/PPSSMPK25_small_storage_boxes_25_pack.jpg', 4);
INSERT INTO ITEM_PICTURES (picture_id, picture_resource_location, picture_item) VALUES (5, 'https://m.media-amazon.com/images/I/41ZquAaCqML.jpg', 5);
INSERT INTO ITEM_PICTURES (picture_id, picture_resource_location, picture_item) VALUES (6, 'https://ecobox.co.za/wp-content/uploads/2017/10/stock-7-single-1.jpg', 5);
INSERT INTO ITEM_PICTURES (picture_id, picture_resource_location, picture_item) VALUES (7, 'https://s3-ap-southeast-2.amazonaws.com/wc-prod-pim/JPEG_1000x1000/PPSSMPK25_small_storage_boxes_25_pack.jpg', 5);
INSERT INTO ITEM_PICTURES (picture_id, picture_resource_location, picture_item) VALUES (8, 'https://auspost.com.au/shop/static/WFS/AusPost-Shop-Site/-/AusPost-Shop/en_AU/product/90444/1/resized_560x560.png', 5);
INSERT INTO ITEM_PICTURES (picture_id, picture_resource_location, picture_item) VALUES (9, 'https://s3-ap-southeast-2.amazonaws.com/wc-prod-pim/JPEG_1000x1000/PPSSMPK25_small_storage_boxes_25_pack.jpghttps://media.istockphoto.com/id/520619396/photo/isolated-shot-of-opened-blank-cardboard-box-on-white-background.jpg?s=612x612&w=0&k=20&c=SEWCBNgOWaQH-sBqq5UnmXXFxhpMPdS9btt6MqX-85c=', 6);
INSERT INTO ITEM_PICTURES (picture_id, picture_resource_location, picture_item) VALUES (10, 'https://encrypted-tbn0.gstatic.com/images?q=tbn:ANd9GcSKagj24LaegSNtoCw2rlXov6PvR5E3mx91HHSGBc1JdI_3HBE75Ei5-Usw96S97BKZmhA&usqp=CAU', 7);
INSERT INTO ITEM_PICTURES (picture_id, picture_resource_location, picture_item) VALUES (11, 'https://www.google.com/url?sa=i&url=https%3A%2F%2Fwww.istockphoto.com%2Fphotos%2Fcardboard-box-from-above&psig=AOvVaw3a0PalV0pKl__pwugHvwNv&ust=1673940582707000&source=images&cd=vfe&ved=0CA8QjRxqFwoTCPDdmuPIy_wCFQAAAAAdAAAAABAU', 8);
INSERT INTO ITEM_PICTURES (picture_id, picture_resource_location, picture_item) VALUES (12, 'https://media.gettyimages.com/id/1046596688/photo/close-up-of-brown-cardboard-box-against-white-background.jpg?s=612x612&w=gi&k=20&c=JgYCsZDJ33sa2rDc8dIYtUWpO2P1u94p8SafGsJg8XI=', 9);
INSERT INTO ITEM_PICTURES (picture_id, picture_resource_location, picture_item) VALUES (13, 'https://cdn.indesignlive.com/wp-content/uploads/1.facadeFEAT.jpg', 10);
INSERT INTO ITEM_PICTURES (picture_id, picture_resource_location, picture_item) VALUES (14, 'https://www.northerndailyleader.com.au/images/transform/v1/crop/frm/150521478/c031f3e9-9384-4e8f-b030-08e3a5a68727.jpg/r0_0_1200_675_w1200_h675_fmax.jpg', 11);
INSERT INTO ITEM_PICTURES (picture_id, picture_resource_location, picture_item) VALUES (15, 'https://i2.au.reastatic.net/800x600/72a0639c0ab3d98e969bacdeff9e25d030de842200415f30d02eaf4b23bf1757/main.jpg', 12);
INSERT INTO ITEM_PICTURES (picture_id, picture_resource_location, picture_item) VALUES (16, 'https://media.architecturaldigest.com/photos/60f99c2c0adf8cd1e3beca71/16:9/w_1935,h_1088,c_limit/Now%20You%20Drive%201.jpg', 13);
INSERT INTO ITEM_PICTURES (picture_id, picture_resource_location, picture_item) VALUES (17, 'https://www.notebookcheck.net/fileadmin/Notebooks/News/_nc3/apple_car_concept_1.jpeg', 14);
INSERT INTO ITEM_PICTURES (picture_id, picture_resource_location, picture_item) VALUES (18, 'https://www.cartoq.com/wp-content/uploads/2021/12/apple-car-photo-front.jpg', 15);

